Name: name | Email: email | Phone: phone
Name:   Alice Johnson   |  Email: alice.johnson@example.com   | Phone: 555-1001
Name:Bob Smith|Email:bsmith@example.org|Phone: 555-1002
Name:   Carol Davis   |Email: caroldavis3@example.net| Phone:555-1003
Name:   David Miller   |  Email: david.miller@example.com   | Phone: 555-1004
Name:Emma Wilson|Email:ewilson@example.org|Phone: 555-1005
Name:   Frank Harris   |Email: frankharris6@example.net| Phone:555-1006
Name:   Grace Lee   |  Email: grace.lee@example.com   | Phone: 555-1007
Name:Henry Clark|Email:hclark@example.org|Phone: 555-1008
Name:   Irene Lewis   |Email: irenelewis2@example.net| Phone:555-1009
Name:   Jack Walker   |  Email: jack.walker@example.com   | Phone: 555-1010
Name:Karen Hall|Email:khall@example.org|Phone: 555-1011
Name:   Liam Young   |Email: liamyoung5@example.net| Phone:555-1012
Name:   Mia King   |  Email: mia.king@example.com   | Phone: 555-1013
Name:Noah Wright|Email:nwright@example.org|Phone: 555-1014
Name:   Olivia Scott   |Email: oliviascott1@example.net| Phone:555-1015
Name:   Paul Green   |  Email: paul.green@example.com   | Phone: 555-1016
Name:Quinn Adams|Email:qadams@example.org|Phone: 555-1017
Name:   Ruby Baker   |Email: rubybaker4@example.net| Phone:555-1018
Name:   Samuel Nelson   |  Email: samuel.nelson@example.com   | Phone: 555-1019
Name:Tara Hill|Email:thill@example.org|Phone: 555-1020
Name:   Uriel Roberts   |Email: urielroberts7@example.net| Phone:555-1021
Name:   Vera Campbell   |  Email: vera.campbell@example.com   | Phone: 555-1022
Name:William Mitchell|Email:wmitchell@example.org|Phone: 555-1023
Name:   Xavier Perez   |Email: xavierperez3@example.net| Phone:555-1024
Name:   Yvonne Turner   |  Email: yvonne.turner@example.com   | Phone: 555-1025
Name:Zachary Parker|Email:zparker@example.org|Phone: 555-1026
Name:   Abigail Evans   |Email: abigailevans6@example.net| Phone:555-1027
Name:   Benjamin Edwards   |  Email: benjamin.edwards@example.com   | Phone: 555-1028
Name:Chloe Collins|Email:ccollins@example.org|Phone: 555-1029
Name:   Daniel Stewart   |Email: danielstewart2@example.net| Phone:555-1030
Name:   Ella Sanchez   |  Email: ella.sanchez@example.com   | Phone: 555-1031
Name:Felix Morris|Email:fmorris@example.org|Phone: 555-1032
Name:   Georgia Rogers   |Email: georgiarogers5@example.net| Phone:555-1033
Name:   Hunter Reed   |  Email: hunter.reed@example.com   | Phone: 555-1034
Name:Isla Cook|Email:icook@example.org|Phone: 555-1035
Name:   Jacob Morgan   |Email: jacobmorgan1@example.net| Phone:555-1036
Name:   Kylie Bell   |  Email: kylie.bell@example.com   | Phone: 555-1037
Name:Logan Murphy|Email:lmurphy@example.org|Phone: 555-1038
Name:   Natalie Bailey   |Email: nataliebailey4@example.net| Phone:555-1039
Name:   Owen Rivera   |  Email: owen.rivera@example.com   | Phone: 555-1040
Name:Piper Cooper|Email:pcooper@example.org|Phone: 555-1041
Name:   Ryan Richardson   |Email: ryanrichardson7@example.net| Phone:555-1042
Name:   Sophie Cox   |  Email: sophie.cox@example.com   | Phone: 555-1043
Name:Thomas Howard|Email:thoward@example.org|Phone: 555-1044
Name:   Uma Foster   |Email: umafoster3@example.net| Phone:555-1045
Name:   Victor Ward   |  Email: victor.ward@example.com   | Phone: 555-1046
Name:Willow Hughes|Email:whughes@example.org|Phone: 555-1047
Name:   Ximena Flores   |Email: ximenaflores6@example.net| Phone:555-1048
Name:   Yusuf Simmons   |  Email: yusuf.simmons@example.com   | Phone: 555-1049
Name:Zoey Butler|Email:zbutler@example.org|Phone: 555-1050
Name:   Aaron Bryant   |Email: aaronbryant2@example.net| Phone:555-1051
Name:   Bella Russell   |  Email: bella.russell@example.com   | Phone: 555-1052
Name:Caleb Griffin|Email:cgriffin@example.org|Phone: 555-1053
Name:   Delia Hayes   |Email: deliahayes5@example.net| Phone:555-1054
Name:   Ethan Myers   |  Email: ethan.myers@example.com   | Phone: 555-1055
Name:Fiona Long|Email:flong@example.org|Phone: 555-1056
Name:   Gavin Peterson   |Email: gavinpeterson1@example.net| Phone:555-1057
Name:   Holly Hughes   |  Email: holly.hughes@example.com   | Phone: 555-1058
Name:Ian Price|Email:iprice@example.org|Phone: 555-1059
Name:   Jasmine Powell   |Email: jasminepowell4@example.net| Phone:555-1060
Name:   Kevin Diaz   |  Email: kevin.diaz@example.com   | Phone: 555-1061
Name:Lily Barnes|Email:lbarnes@example.org|Phone: 555-1062
Name:   Mason Perry   |Email: masonperry7@example.net| Phone:555-1063
Name:   Nina Coleman   |  Email: nina.coleman@example.com   | Phone: 555-1064
Name:Oscar Jenkins|Email:ojenkins@example.org|Phone: 555-1065
Name:   Paige Stone   |Email: paigestone3@example.net| Phone:555-1066
Name:   Reid Hart   |  Email: reid.hart@example.com   | Phone: 555-1067
Name:Sara Warren|Email:swarren@example.org|Phone: 555-1068
Name:   Tristan Gordon   |Email: tristangordon6@example.net| Phone:555-1069
Name:   Una Watts   |  Email: una.watts@example.com   | Phone: 555-1070
Name:Vincent Chavez|Email:vchavez@example.org|Phone: 555-1071
Name:   Wendy Mills   |Email: wendymills2@example.net| Phone:555-1072
Name:   Xander Shaw   |  Email: xander.shaw@example.com   | Phone: 555-1073
Name:Yara Boyd|Email:yboyd@example.org|Phone: 555-1074
Name:   Zane Holmes   |Email: zaneholmes5@example.net| Phone:555-1075
Name:   Amelia Lowe   |  Email: amelia.lowe@example.com   | Phone: 555-1076
Name:Brandon Andrews|Email:bandrews@example.org|Phone: 555-1077
Name:   Clara Gilbert   |Email: claragilbert1@example.net| Phone:555-1078
Name:   Dylan Boyd   |  Email: dylan.boyd@example.com   | Phone: 555-1079
Name:Eliza Pratt|Email:epratt@example.org|Phone: 555-1080
Name:   George Dunn   |Email: georgedunn4@example.net| Phone:555-1081
Name:   Hannah Bishop   |  Email: hannah.bishop@example.com   | Phone: 555-1082
Name:Isaac Fisher|Email:ifisher@example.org|Phone: 555-1083
Name:   Jenna Holmes   |Email: jennaholmes7@example.net| Phone:555-1084
Name:   Kyle Stephens   |  Email: kyle.stephens@example.com   | Phone: 555-1085
Name:Leah Stone|Email:lstone@example.org|Phone: 555-1086
Name:   Mark Barber   |Email: markbarber3@example.net| Phone:555-1087
Name:   Nora Fox   |  Email: nora.fox@example.com   | Phone: 555-1088
Name:Omar Fowler|Email:ofowler@example.org|Phone: 555-1089
Name:   Penny Walsh   |Email: pennywalsh6@example.net| Phone:555-1090
Name:   Quentin Hardy   |  Email: quentin.hardy@example.com   | Phone: 555-1091
Name:Riley Osborne|Email:rosborne@example.org|Phone: 555-1092
Name:   Selena Brady   |Email: selenabrady2@example.net| Phone:555-1093
Name:   Tony Lambert   |  Email: tony.lambert@example.com   | Phone: 555-1094
Name:Ursula Norris|Email:unorris@example.org|Phone: 555-1095
Name:   Valerie Dean   |Email: valeriedean5@example.net| Phone:555-1096
Name:   Wyatt Holt   |  Email: wyatt.holt@example.com   | Phone: 555-1097
Name:Zoe Hunter|Email:zhunter@example.org|Phone: 555-1098
